Local:1:C,AB:5000_DI16:C:0,Read/Write
Local:1:I,AB:5000_DI16:I:0,Read/Write
Local:2:C,AB:5000_DI16:C:0,Read/Write
Local:2:I,AB:5000_DI16:I:0,Read/Write
Local:3:C,AB:5000_DI16:C:0,Read/Write
Local:3:I,AB:5000_DI16:I:0,Read/Write
Local:4:I,AB:5000_SDI8:I:0,Read/Write
Local:5:I,AB:5000_SDI8:I:0,Read/Write
Local:6:I,AB:5000_SDI8:I:0,Read/Write
Local:7:C,AB:5000_DO16_Diag:C:0,Read/Write
Local:7:I,AB:5000_DO16_Diag:I:0,Read/Write
Local:7:O,AB:5000_DO16:O:0,Read/Write
Local:8:C,AB:5000_DO16_Diag:C:0,Read/Write
Local:8:I,AB:5000_DO16_Diag:I:0,Read/Write
Local:8:O,AB:5000_DO16:O:0,Read/Write
Local:9:I,AB:5000_SDO8:I:1,Read/Write
Local:9:O,AB:5000_DO8:O:0,Read/Write
BCS_01:I,_0328:000C_8063_74A9FE0A:I:0,Read/Write
BCS_01:O,_0328:000C_8063_FD5B4E74:O:0,Read/Write
BCS_02:I,_0328:000C_8063_74A9FE0A:I:0,Read/Write
BCS_02:O,_0328:000C_8063_FD5B4E74:O:0,Read/Write
Switch_01_2500:I,AB:STRATIX_2500_8PORT_MANAGED:I:0,Read/Write
Switch_02_5700:I,AB:STRATIX_5700_20PORT_MANAGED:I:0,Read/Write
Switch_03_5700:I,AB:STRATIX_5700_20PORT_MANAGED:I:0,Read/Write
VSD_11643:I,AB:PowerFlex525V_E_FB6ED662:I:0,Read/Write
VSD_11643:O,AB:PowerFlex525V_EENET_Drive:O:0,Read/Write
VSD_11644:I,AB:PowerFlex525V_E_FB6ED662:I:0,Read/Write
VSD_11644:O,AB:PowerFlex525V_EENET_Drive:O:0,Read/Write
VSD_11645:I,AB:PowerFlex525V_E_FB6ED662:I:0,Read/Write
VSD_11645:O,AB:PowerFlex525V_EENET_Drive:O:0,Read/Write
VSD_11646:I,AB:PowerFlex525V_E_FB6ED662:I:0,Read/Write
VSD_11646:O,AB:PowerFlex525V_EENET_Drive:O:0,Read/Write
VSD_11647:I,AB:PowerFlex525V_E_FB6ED662:I:0,Read/Write
VSD_11647:O,AB:PowerFlex525V_EENET_Drive:O:0,Read/Write
VSD_11648:I,AB:PowerFlex525V_E_FB6ED662:I:0,Read/Write
VSD_11648:O,AB:PowerFlex525V_EENET_Drive:O:0,Read/Write
VSD_11649:I,AB:PowerFlex525V_E_FB6ED662:I:0,Read/Write
VSD_11649:O,AB:PowerFlex525V_EENET_Drive:O:0,Read/Write
VSD_11650:I,AB:PowerFlex525V_E_FB6ED662:I:0,Read/Write
VSD_11650:O,AB:PowerFlex525V_EENET_Drive:O:0,Read/Write
VSD_11651:I,AB:PowerFlex525V_E_FB6ED662:I:0,Read/Write
VSD_11651:O,AB:PowerFlex525V_EENET_Drive:O:0,Read/Write
VSD_11652:I,AB:PowerFlex525V_E_FB6ED662:I:0,Read/Write
VSD_11652:O,AB:PowerFlex525V_EENET_Drive:O:0,Read/Write
VSD_11653:I,AB:PowerFlex525V_E_FB6ED662:I:0,Read/Write
VSD_11653:O,AB:PowerFlex525V_EENET_Drive:O:0,Read/Write
VSD_11654:I,AB:PowerFlex525V_E_FB6ED662:I:0,Read/Write
VSD_11654:O,AB:PowerFlex525V_EENET_Drive:O:0,Read/Write
VSD_11655:I,AB:PowerFlex525V_E_FB6ED662:I:0,Read/Write
VSD_11655:O,AB:PowerFlex525V_EENET_Drive:O:0,Read/Write
VSD_11656:I,AB:PowerFlex525V_E_FB6ED662:I:0,Read/Write
VSD_11656:O,AB:PowerFlex525V_EENET_Drive:O:0,Read/Write
VSD_11657:I,AB:PowerFlex525V_E_FB6ED662:I:0,Read/Write
VSD_11657:O,AB:PowerFlex525V_EENET_Drive:O:0,Read/Write
VSD_11658:I,AB:PowerFlex525V_E_FB6ED662:I:0,Read/Write
VSD_11658:O,AB:PowerFlex525V_EENET_Drive:O:0,Read/Write
VSD_11659:I,AB:PowerFlex525V_E_FB6ED662:I:0,Read/Write
VSD_11659:O,AB:PowerFlex525V_EENET_Drive:O:0,Read/Write
VSD_11660:I,AB:PowerFlex525V_E_FB6ED662:I:0,Read/Write
VSD_11660:O,AB:PowerFlex525V_EENET_Drive:O:0,Read/Write
VSD_11661:I,AB:PowerFlex525V_E_FB6ED662:I:0,Read/Write
VSD_11661:O,AB:PowerFlex525V_EENET_Drive:O:0,Read/Write
VSD_11662:I,AB:PowerFlex525V_E_FB6ED662:I:0,Read/Write
VSD_11662:O,AB:PowerFlex525V_EENET_Drive:O:0,Read/Write
VSD_11663:I,AB:PowerFlex525V_E_FB6ED662:I:0,Read/Write
VSD_11663:O,AB:PowerFlex525V_EENET_Drive:O:0,Read/Write
VSD_11664:I,AB:PowerFlex525V_E_FB6ED662:I:0,Read/Write
VSD_11664:O,AB:PowerFlex525V_EENET_Drive:O:0,Read/Write
VSD_11665:I,AB:PowerFlex525V_E_FB6ED662:I:0,Read/Write
VSD_11665:O,AB:PowerFlex525V_EENET_Drive:O:0,Read/Write
VSD_11666:I,AB:PowerFlex525V_E_FB6ED662:I:0,Read/Write
VSD_11666:O,AB:PowerFlex525V_EENET_Drive:O:0,Read/Write
VSD_11671:I,AB:PowerFlex525V_E_FB6ED662:I:0,Read/Write
VSD_11671:O,AB:PowerFlex525V_EENET_Drive:O:0,Read/Write
VSD_11672:I,AB:PowerFlex525V_E_FB6ED662:I:0,Read/Write
VSD_11672:O,AB:PowerFlex525V_EENET_Drive:O:0,Read/Write
VSD_11673:I,AB:PowerFlex525V_E_FB6ED662:I:0,Read/Write
VSD_11673:O,AB:PowerFlex525V_EENET_Drive:O:0,Read/Write
VSD_11674:I,AB:PowerFlex525V_E_FB6ED662:I:0,Read/Write
VSD_11674:O,AB:PowerFlex525V_EENET_Drive:O:0,Read/Write
VSD_11675:I,AB:PowerFlex525V_E_FB6ED662:I:0,Read/Write
VSD_11675:O,AB:PowerFlex525V_EENET_Drive:O:0,Read/Write
AOI_DOW,AOI_Day_Of_Week,Read/Write
AOI_M_11643,AOI_Motor_VSD_No_Energise,Read/Write
AOI_M_11644,AOI_Motor_VSD_No_Energise,Read/Write
AOI_M_11645,AOI_Motor_VSD_No_Energise,Read/Write
AOI_M_11646,AOI_Motor_VSD_No_Energise,Read/Write
AOI_M_11647,AOI_Motor_VSD_No_Energise,Read/Write
AOI_M_11648,AOI_Motor_VSD_No_Energise,Read/Write
AOI_M_11649,AOI_Motor_VSD_No_Energise,Read/Write
AOI_M_11650,AOI_Motor_VSD_No_Energise,Read/Write
AOI_M_11651,AOI_Motor_VSD_No_Energise,Read/Write
AOI_M_11652,AOI_Motor_VSD_No_Energise,Read/Write
AOI_M_11653,AOI_Motor_VSD_No_Energise,Read/Write
AOI_M_11654,AOI_Motor_VSD_No_Energise,Read/Write
AOI_M_11655,AOI_Motor_VSD_No_Energise,Read/Write
AOI_M_11656,AOI_Motor_VSD_No_Energise,Read/Write
AOI_M_11657,AOI_Motor_VSD_No_Energise,Read/Write
AOI_M_11658,AOI_Motor_VSD_No_Energise,Read/Write
AOI_M_11659,AOI_Motor_VSD_No_Energise,Read/Write
AOI_M_11660,AOI_Motor_VSD_No_Energise,Read/Write
AOI_M_11661,AOI_Motor_VSD_No_Energise,Read/Write
AOI_M_11662,AOI_Motor_VSD_No_Energise,Read/Write
AOI_M_11663,AOI_Motor_VSD_No_Energise,Read/Write
AOI_M_11664,AOI_Motor_VSD_No_Energise,Read/Write
AOI_M_11665,AOI_Motor_VSD_No_Energise,Read/Write
AOI_M_11666,AOI_Motor_VSD_No_Energise,Read/Write
AOI_M_11671,AOI_Motor_VSD_No_Energise,Read/Write
AOI_M_11672,AOI_Motor_VSD_No_Energise,Read/Write
AOI_M_11673,AOI_Motor_VSD_No_Energise,Read/Write
AOI_M_11674,AOI_Motor_VSD_No_Energise,Read/Write
AOI_M_11675,AOI_Motor_VSD_No_Energise,Read/Write
AOI_PE_11643,AOI_Sensor_Switch_v01,Read/Write
AOI_PE_11644,AOI_Sensor_Switch_v01,Read/Write
AOI_PE_11645_1,AOI_Sensor_Switch_v01,Read/Write
AOI_PE_11645_2,AOI_Sensor_Switch_v01,Read/Write
AOI_PE_11646,AOI_Sensor_Switch_v01,Read/Write
AOI_PE_11647,AOI_Sensor_Switch_v01,Read/Write
AOI_PE_BCS_01,AOI_Sensor_Switch_v01,Read/Write
AOI_PE_11648,AOI_Sensor_Switch_v01,Read/Write
AOI_PE_11649,AOI_Sensor_Switch_v01,Read/Write
AOI_PE_11650_1,AOI_Sensor_Switch_v01,Read/Write
AOI_PE_11650_2,AOI_Sensor_Switch_v01,Read/Write
AOI_PE_11651_1,AOI_Sensor_Switch_v01,Read/Write
AOI_PE_11651_2,AOI_Sensor_Switch_v01,Read/Write
AOI_PE_11652,AOI_Sensor_Switch_v01,Read/Write
AOI_PE_11653_1,AOI_Sensor_Switch_v01,Read/Write
AOI_PE_11653_2,AOI_Sensor_Switch_v01,Read/Write
AOI_PE_11654,AOI_Sensor_Switch_v01,Read/Write
AOI_PE_11655,AOI_Sensor_Switch_v01,Read/Write
AOI_PE_11656,AOI_Sensor_Switch_v01,Read/Write
AOI_PE_11658_2,AOI_Sensor_Switch_v01,Read/Write
AOI_PE_11659,AOI_Sensor_Switch_v01,Read/Write
AOI_PE_11660,AOI_Sensor_Switch_v01,Read/Write
AOI_PE_11661_1,AOI_Sensor_Switch_v01,Read/Write
AOI_PE_11661_2,AOI_Sensor_Switch_v01,Read/Write
AOI_PE_11662_2,AOI_Sensor_Switch_v01,Read/Write
AOI_PE_11663_1,AOI_Sensor_Switch_v01,Read/Write
AOI_PE_11663_2,AOI_Sensor_Switch_v01,Read/Write
AOI_PE_11664_1,AOI_Sensor_Switch_v01,Read/Write
AOI_PE_11664_2,AOI_Sensor_Switch_v01,Read/Write
AOI_PE_11665_1,AOI_Sensor_Switch_v01,Read/Write
AOI_PE_11665_2,AOI_Sensor_Switch_v01,Read/Write
AOI_PE_11666_1,AOI_Sensor_Switch_v01,Read/Write
AOI_PE_11666_2,AOI_Sensor_Switch_v01,Read/Write
AOI_PE_11671,AOI_Sensor_Switch_v01,Read/Write
AOI_PE_11672,AOI_Sensor_Switch_v01,Read/Write
AOI_PE_11673,AOI_Sensor_Switch_v01,Read/Write
AOI_PE_11674,AOI_Sensor_Switch_v01,Read/Write
AOI_PE_11675,AOI_Sensor_Switch_v01,Read/Write
AOI_PE_139,AOI_Sensor_Switch_v01,Read/Write
AOI_PE_145,AOI_Sensor_Switch_v01,Read/Write
AOI_PX_11643,AOI_Sensor_Switch_v01,Read/Write
AOI_PX_11652,AOI_Sensor_Switch_v01,Read/Write
AOI_SV_11647,AOI_Solenoid,Read/Write
AOI_SV_11648,AOI_Solenoid,Read/Write
AOI_SV_11649,AOI_Solenoid,Read/Write
AOI_SV_11651,AOI_Solenoid,Read/Write
AOI_SV_11654,AOI_Solenoid,Read/Write
AOI_SV_11661,AOI_Solenoid,Read/Write
AOI_SV_11663,AOI_Solenoid,Read/Write
AOI_SV_11665,AOI_Solenoid,Read/Write
AT_01_Siren_Output,BOOL,Read/Write
AT_01_Start_Light,BOOL,Read/Write
AT_01_Stop_Light,BOOL,Read/Write
BCS_01_Box_Scanned,BOOL,Read/Write
BCS_01_Current_Barcode,STRING,Read/Write
BCS_01_Current_First6,STRING,Read/Write
BCS_01_Current_GTIN,STRING,Read/Write
BCS_01_Current_GTIN20,STRING20,Read/Write
BCS_01_Current_Scanner_Read,STRING,Read/Write
BCS_01_Destination_Latest,INT,Read/Write
BCS_01_Good_Read,BOOL,Read/Write
BCS_01_ID_Bypass_Found,BOOL,Read/Write
BCS_01_ID_Lidder_Found,BOOL,Read/Write
BCS_01_ID_Tunnel_Found,BOOL,Read/Write
BCS_01_Latest_Barcodes_FIFO,CONTROL,Read/Write
BCS_01_Latest_Barcodes_Store,STRING,Read/Write
BCS_01_ModuleStatus,Module_CommunicationStatus,Read/Write
BCS_01_ModuleStatus_Unhealthy,BOOL,Read/Write
BCS_01_Not_Found,BOOL,Read/Write
BCS_01_No_Read,BOOL,Read/Write
BCS_01_Scans_Current_Hour,INT,Read/Write
BCS_01_Scans_Current_Minute,INT,Read/Write
BCS_01_Scans_Last_Hour_Redacted,DINT,Read/Write
BCS_01_Scans_Last_Minute,INT,Read/Write
BCS_01_Scan_Duration_Timer,TIMER,Read/Write
BCS_01_Searched_GTIN20,STRING20,Read/Write
BCS_01_Search_Clear_Delay_Timer,TIMER,Read/Write
BCS_01_Search_Complete,BOOL,Read/Write
BCS_01_Table_Bypass_Search,CONTROL,Read/Write
BCS_01_Table_Lidder_Search,CONTROL,Read/Write
BCS_01_Table_Tunnel_Search,CONTROL,Read/Write
BCS_02_Box_Scanned,BOOL,Read/Write
BCS_02_Current_Barcode,STRING,Read/Write
BCS_02_Current_First6,STRING,Read/Write
BCS_02_Current_GTIN,STRING,Read/Write
BCS_02_Current_GTIN20,STRING20,Read/Write
BCS_02_Current_Scanner_Read,STRING,Read/Write
BCS_02_Destination_Latest,INT,Read/Write
BCS_02_Good_Read,BOOL,Read/Write
BCS_02_ID_Bypass_Found,BOOL,Read/Write
BCS_02_ID_Lidder_Found,BOOL,Read/Write
BCS_02_ID_Tunnel_Found,BOOL,Read/Write
BCS_02_Latest_Barcodes_FIFO,CONTROL,Read/Write
BCS_02_Latest_Barcodes_Store,STRING,Read/Write
BCS_02_ModuleStatus,Module_CommunicationStatus,Read/Write
BCS_02_ModuleStatus_Unhealthy,BOOL,Read/Write
BCS_02_Not_Found,BOOL,Read/Write
BCS_02_No_Read,BOOL,Read/Write
BCS_02_Scans_Current_Hour,INT,Read/Write
BCS_02_Scans_Current_Minute,INT,Read/Write
BCS_02_Scans_Last_Hour,DINT,Read/Write
BCS_02_Scans_Last_Minute,INT,Read/Write
BCS_02_Scan_Duration_Timer,TIMER,Read/Write
BCS_02_Searched_GTIN20,STRING20,Read/Write
BCS_02_Search_Clear_Delay_Timer,TIMER,Read/Write
BCS_02_Search_Complete,BOOL,Read/Write
BCS_02_Table_Bypass_Search,CONTROL,Read/Write
BCS_02_Table_Lidder_Search,CONTROL,Read/Write
BCS_02_Table_Tunnel_Search,CONTROL,Read/Write
Belt_Speed_SP,REAL,Read/Write
Chilled_Lidder_Healthy_Input,BOOL,Read/Write
Chilled_Lidder_Interlock,BOOL,Read/Write
SV_11663_No_Gap_Present,BOOL,Read/Write
SV_11663_No_Gap_Up_Request,BOOL,Read/Write
SV_11663_Force_Gap,BOOL,Read/Write
M_11660_Force_Gap_Stop_Request,BOOL,Read/Write
Chilled_Lidder_Run_Permissive_Output,BOOL,Read/Write
Chilled_Lidder_Start_Delay_Timer,TIMER,Read/Write
CommissioningStandard,DINT,Read/Write
Comms_Timer,TIMER,Read/Write
Device_Coldstart_Delay_Standard,BOOL,Read/Write
Device_Coldstart_Delay_Safety,BOOL,Read/Write
EStop_Channel_Fault_Delay_SP,DINT,Read/Write
EStop_Healthy,BOOL,Read/Write
ES_01,DCI_STOP,Read/Write
ES_01_Active,BOOL,Read/Write
ES_01_Channel_1_Raw_Input,BOOL,Read/Write
ES_01_Channel_2_Raw_Input,BOOL,Read/Write
ES_01_Channel_Fault_Alarm,BOOL,Read/Write
ES_01_Channel_Fault_Delay_Timer,TIMER,Read/Write
ES_01_Input_Status,BOOL,Read/Write
ES_01_Satisfied,BOOL,Read/Write
ES_02_Active,BOOL,Read/Write
ES_02_Channel_1_Raw_Input,BOOL,Read/Write
ES_02_Channel_2_Raw_Input,BOOL,Read/Write
ES_02_Channel_Fault_Alarm,BOOL,Read/Write
ES_02_Channel_Fault_Delay_Timer,TIMER,Read/Write
ES_02_Input_Status,BOOL,Read/Write
ES_02_Satisfied,BOOL,Read/Write
ES_03_Active,BOOL,Read/Write
ES_03_Channel_1_Raw_Input,BOOL,Read/Write
ES_03_Channel_2_Raw_Input,BOOL,Read/Write
ES_03_Channel_Fault_Alarm,BOOL,Read/Write
ES_03_Channel_Fault_Delay_Timer,TIMER,Read/Write
ES_03_Input_Status,BOOL,Read/Write
ES_03_Satisfied,BOOL,Read/Write
ES_04_Active,BOOL,Read/Write
ES_04_Channel_1_Raw_Input,BOOL,Read/Write
ES_04_Channel_2_Raw_Input,BOOL,Read/Write
ES_04_Channel_Fault_Alarm,BOOL,Read/Write
ES_04_Channel_Fault_Delay_Timer,TIMER,Read/Write
ES_04_Input_Status,BOOL,Read/Write
ES_04_Satisfied,BOOL,Read/Write
ES_05_Active,BOOL,Read/Write
ES_05_Channel_1_Raw_Input,BOOL,Read/Write
ES_05_Channel_2_Raw_Input,BOOL,Read/Write
ES_05_Channel_Fault_Alarm,BOOL,Read/Write
ES_05_Channel_Fault_Delay_Timer,TIMER,Read/Write
ES_05_Input_Status,BOOL,Read/Write
ES_05_Satisfied,BOOL,Read/Write
ES_06_Active,BOOL,Read/Write
ES_06_Channel_1_Raw_Input,BOOL,Read/Write
ES_06_Channel_2_Raw_Input,BOOL,Read/Write
ES_06_Channel_Fault_Alarm,BOOL,Read/Write
ES_06_Channel_Fault_Delay_Timer,TIMER,Read/Write
ES_06_Input_Status,BOOL,Read/Write
ES_06_Satisfied,BOOL,Read/Write
ES_07_Active,BOOL,Read/Write
ES_07_Channel_1_Raw_Input,BOOL,Read/Write
ES_07_Channel_2_Raw_Input,BOOL,Read/Write
ES_07_Channel_Fault_Alarm,BOOL,Read/Write
ES_07_Channel_Fault_Delay_Timer,TIMER,Read/Write
ES_07_Input_Status,BOOL,Read/Write
ES_07_Satisfied,BOOL,Read/Write
ES_08_Active,BOOL,Read/Write
ES_08_Channel_1_Raw_Input,BOOL,Read/Write
ES_08_Channel_2_Raw_Input,BOOL,Read/Write
ES_08_Channel_Fault_Alarm,BOOL,Read/Write
ES_08_Channel_Fault_Delay_Timer,TIMER,Read/Write
ES_08_Input_Status,BOOL,Read/Write
ES_08_Satisfied,BOOL,Read/Write
ES_09,DCI_STOP,Read/Write
ES_09_Active,BOOL,Read/Write
ES_09_Channel_1_Raw_Input,BOOL,Read/Write
ES_09_Channel_2_Raw_Input,BOOL,Read/Write
ES_09_Channel_Fault_Alarm,BOOL,Read/Write
ES_09_Channel_Fault_Delay_Timer,TIMER,Read/Write
ES_09_Input_Status,BOOL,Read/Write
ES_09_Satisfied,BOOL,Read/Write
ES_10_Active,BOOL,Read/Write
ES_10_Channel_1_Raw_Input,BOOL,Read/Write
ES_10_Channel_2_Raw_Input,BOOL,Read/Write
ES_10_Channel_Fault_Alarm,BOOL,Read/Write
ES_10_Channel_Fault_Delay_Timer,TIMER,Read/Write
ES_10_Input_Status,BOOL,Read/Write
ES_10_Satisfied,BOOL,Read/Write
ES_11_Active,BOOL,Read/Write
ES_11_Channel_1_Raw_Input,BOOL,Read/Write
ES_11_Channel_2_Raw_Input,BOOL,Read/Write
ES_11_Channel_Fault_Alarm,BOOL,Read/Write
ES_11_Channel_Fault_Delay_Timer,TIMER,Read/Write
ES_11_Input_Status,BOOL,Read/Write
ES_11_Satisfied,BOOL,Read/Write
ES_12_Active,BOOL,Read/Write
ES_12_Channel_1_Raw_Input,BOOL,Read/Write
ES_12_Channel_2_Raw_Input,BOOL,Read/Write
ES_12_Channel_Fault_Alarm,BOOL,Read/Write
ES_12_Channel_Fault_Delay_Timer,TIMER,Read/Write
ES_12_Input_Status,BOOL,Read/Write
ES_12_Satisfied,BOOL,Read/Write
Frozen_Lidder_Healthy_Input,BOOL,Read/Write
Frozen_Lidder_Interlock,BOOL,Read/Write
Frozen_Lidder_Run_Permissive_Output,BOOL,Read/Write
Frozen_Lidder_Start_Delay_Timer,TIMER,Read/Write
GTIN_Table_Bypass,STRING20,Read/Write
GTIN_Table_Lidder,STRING20,Read/Write
GTIN_Table_Tunnel,STRING20,Read/Write
Latest_Barcodes_Store,STRING20,Read/Write
LED_01,BOOL,Read/Write
LED_11643,BOOL,Read/Write
LED_11652,BOOL,Read/Write
M_11653_Accum_Full_Delay_Timer,TIMER,Read/Write
Lift_Station_01_Engaged,BOOL,Read/Write
Lift_Station_01_Pause_Request,BOOL,Read/Write
Lift_Station_02_Engaged,BOOL,Read/Write
Lift_Station_02_Pause_Request,BOOL,Read/Write
Local_01_DI_ModuleStatus,Module_CommunicationStatus,Read/Write
Local_01_DI_ModuleStatus_Unhealthy,BOOL,Read/Write
Local_02_DI_ModuleStatus,Module_CommunicationStatus,Read/Write
Local_02_DI_ModuleStatus_Unhealthy,BOOL,Read/Write
Local_03_DI_ModuleStatus,Module_CommunicationStatus,Read/Write
Local_03_DI_ModuleStatus_Unhealthy,BOOL,Read/Write
Local_04_DI_ModuleStatus,Module_CommunicationStatus,Read/Write
Local_04_DI_ModuleStatus_Unhealthy,BOOL,Read/Write
Local_05_DI_ModuleStatus,Module_CommunicationStatus,Read/Write
Local_05_DI_ModuleStatus_Unhealthy,BOOL,Read/Write
Local_06_DI_ModuleStatus,Module_CommunicationStatus,Read/Write
Local_06_DI_ModuleStatus_Unhealthy,BOOL,Read/Write
Local_07_DO_ModuleStatus,Module_CommunicationStatus,Read/Write
Local_07_DO_ModuleStatus_Unhealthy,BOOL,Read/Write
Local_08_DO_ModuleStatus,Module_CommunicationStatus,Read/Write
Local_08_DO_ModuleStatus_Unhealthy,BOOL,Read/Write
Local_09_DO_ModuleStatus,Module_CommunicationStatus,Read/Write
Local_09_DO_ModuleStatus_Unhealthy,BOOL,Read/Write
Merge_11647_Priority,BOOL,Read/Write
Merge_11656_Priority,BOOL,Read/Write
Merge_11664_Priority,BOOL,Read/Write
Motors_Healthy,BOOL,Read/Write
Motor_Requests,Conveyor_Devices,Read/Write
MSG_Deboning,MessageStructure,Read/Write
MSG_SRT,MessageStructure,Read/Write
M_11643,Motor,Read/Write
M_11644,Motor,Read/Write
M_11645,Motor,Read/Write
M_11645_Accum_Full_Delay_Timer,TIMER,Read/Write
M_11645_Fully_Accumulated,BOOL,Read/Write
M_11646,Motor,Read/Write
SV_11647_Force_Gap_Up_Request,BOOL,Read/Write
M_11646_Force_Gap_Stop_Request,BOOL,Read/Write
M_11646_Force_Gap,BOOL,Read/Write
M_11653_Fully_Accumulated,BOOL,Read/Write
M_11646_No_Gap_Present,BOOL,Read/Write
M_11646_No_Gap_Stop_Request,BOOL,Read/Write
M_11646_Run_Request,BOOL,Read/Write
M_11646_Wait_For_Gap_Delay_Timer,TIMER,Read/Write
M_11647,Motor,Read/Write
M_11648,Motor,Read/Write
M_11649,Motor,Read/Write
M_11650,Motor,Read/Write
M_11650_Accum_Full_Delay_Timer,TIMER,Read/Write
M_11650_Fully_Accumulated,BOOL,Read/Write
M_11651,Motor,Read/Write
M_11652,Motor,Read/Write
MSG_Lidder_Frozen,MessageStructure,Read/Write
M_11653,Motor,Read/Write
M_11654,Motor,Read/Write
M_11654_Force_Gap,BOOL,Read/Write
M_11654_Force_Gap_Stop_Request,BOOL,Read/Write
M_11654_Gap_Delay_Timer,TIMER,Read/Write
M_11654_Gap_Present,BOOL,Read/Write
M_11654_No_Gap_Present,BOOL,Read/Write
M_11654_No_Gap_Stop_Request,BOOL,Read/Write
M_11654_Run_Request,BOOL,Read/Write
M_11654_Wait_For_Gap_Delay_Timer,TIMER,Read/Write
M_11655,Motor,Read/Write
M_11655_Force_Gap,BOOL,Read/Write
M_11655_Force_Gap_Stop_Request,BOOL,Read/Write
M_11655_Gap_Delay_Timer,TIMER,Read/Write
M_11655_Gap_Present,BOOL,Read/Write
M_11655_No_Gap_Present,BOOL,Read/Write
M_11655_No_Gap_Stop_Request,BOOL,Read/Write
M_11655_Run_Request,BOOL,Read/Write
M_11655_Wait_For_Gap_Delay_Timer,TIMER,Read/Write
M_11656,Motor,Read/Write
M_11657,Motor,Read/Write
M_11658,Motor,Read/Write
M_11659,Motor,Read/Write
M_11660,Motor,Read/Write
M_11660_Force_Gap,BOOL,Read/Write
M_11657_Infeed_Transfer_Active,BOOL,Read/Write
M_11660_No_Gap_Stop_Request,BOOL,Read/Write
M_11660_Wait_For_Gap_Delay_Timer,TIMER,Read/Write
M_11661,Motor,Read/Write
M_11661_Accum_Full_Delay_Timer,TIMER,Read/Write
M_11661_Fully_Accumulated,BOOL,Read/Write
Local:10:C,AB:5000_DI16:C:0,Read/Write
M_11661_No_Gap_Stop_Request,BOOL,Read/Write
M_11662,Motor,Read/Write
M_11663,Motor,Read/Write
M_11663_Accum_Full_Delay_Timer,TIMER,Read/Write
Local:10:I,AB:5000_DI16:I:0,Read/Write
M_11663_Fully_Accumulated,BOOL,Read/Write
A070_A114_B001,BOOL,Read/Write
A070_A135_B001,BOOL,Read/Write
A070_A135_B013,BOOL,Read/Write
A070_A135_B014,BOOL,Read/Write
M_11664,Motor,Read/Write
M_11664_Downtime_Timer,TIMER,Read/Write
M_11665,Motor,Read/Write
M_11666,Motor,Read/Write
M_11671,Motor,Read/Write
M_11672,Motor,Read/Write
M_11673,Motor,Read/Write
M_11674,Motor,Read/Write
M_11675,Motor,Read/Write
M_139_Running_Input,BOOL,Read/Write
M_145_Running_Input,BOOL,Read/Write
M_159_Running_Input,BOOL,Read/Write
CNVS_Interface_SRT_CNVS_0,BOOL,Read/Write
No_Read_Str,STRING,Read/Write
OneShot,DINT,Read/Write
PB_01,BOOL,Read/Write
PB_02,BOOL,Read/Write
PB_03,BOOL,Read/Write
PB_11643,BOOL,Read/Write
PB_11652,BOOL,Read/Write
PB_Scada_Reset,BOOL,Read/Write
PB_Scada_Start,BOOL,Read/Write
PB_Scada_Stop,BOOL,Read/Write
PB_Split_11654_to_Downstairs,BOOL,Read/Write
PB_Split_11654_to_Tunnel,BOOL,Read/Write
PE_11643,Sensor_v01,Read/Write
PE_11643_Auto_Reset_Delay_Timer,TIMER,Read/Write
PE_11644,Sensor_v01,Read/Write
PE_11645_1,Sensor_v01,Read/Write
PE_11645_2,Sensor_v01,Read/Write
PE_11646,Sensor_v01,Read/Write
PE_11646_Clear_Timer,TIMER,Read/Write
PE_11647,Sensor_v01,Read/Write
PE_BCS_01,Sensor_v01,Read/Write
PE_11648,Sensor_v01,Read/Write
PE_11649,Sensor_v01,Read/Write
PE_11650_1,Sensor_v01,Read/Write
PE_11650_2,Sensor_v01,Read/Write
PE_11651_1,Sensor_v01,Read/Write
PE_11651_2,Sensor_v01,Read/Write
PE_11652,Sensor_v01,Read/Write
PE_11653_1,Sensor_v01,Read/Write
PE_11653_2,Sensor_v01,Read/Write
PE_11654,Sensor_v01,Read/Write
PE_11654_Toggle_Timer,TIMER,Read/Write
PE_11655,Sensor_v01,Read/Write
PE_11655_Toggle_Timer,TIMER,Read/Write
PE_11656,Sensor_v01,Read/Write
PE_11658_2,Sensor_v01,Read/Write
PE_11659,Sensor_v01,Read/Write
PE_11660,Sensor_v01,Read/Write
PE_11661_1,Sensor_v01,Read/Write
PE_11661_2,Sensor_v01,Read/Write
PE_11662_2,Sensor_v01,Read/Write
PE_11663_1,Sensor_v01,Read/Write
PE_11663_2,Sensor_v01,Read/Write
PE_11664_1,Sensor_v01,Read/Write
PE_11664_2,Sensor_v01,Read/Write
PE_11665_1,Sensor_v01,Read/Write
PE_11665_2,Sensor_v01,Read/Write
PE_11666_1,Sensor_v01,Read/Write
PE_11666_2,Sensor_v01,Read/Write
PE_11671,Sensor_v01,Read/Write
PE_11672,Sensor_v01,Read/Write
PE_11673,Sensor_v01,Read/Write
PE_11674,Sensor_v01,Read/Write
PE_11675,Sensor_v01,Read/Write
PE_139,Sensor_v01,Read/Write
PE_145,Sensor_v01,Read/Write
SV_11663_Force_Gap_Up_Request,BOOL,Read/Write
PhotoEyes_Healthy,BOOL,Read/Write
Processor,Processor_Data,Read/Write
Controls_Coldstart_Delay,BOOL,Read/Write
Processor_Startup_Time_Remaining,DINT,Read/Write
Process_Start_Light_Duration,TIMER,Read/Write
Process_State,INT,Read/Write
PX_11643,Sensor_v01,Read/Write
PX_11652,Sensor_v01,Read/Write
Reset_Status_Safety,BOOL,Read/Write
Reset_Status_Standard,BOOL,Read/Write
SafetyProgram_Fault,BOOL,Read/Write
Split_11654_Destination,BOOL,Read/Write
Strapper_01_Interlock,BOOL,Read/Write
Strapper_01_Ready_To_Receive_Input,BOOL,Read/Write
Strapper_01_Ready_To_Send_Output,BOOL,Read/Write
Strapper_01_Start_Delay_Timer,TIMER,Read/Write
Strapper_02_Interlock,BOOL,Read/Write
Strapper_02_Ready_To_Send_Output,BOOL,Read/Write
Strapper_02_Start_Delay_Timer,TIMER,Read/Write
Strapper_02_Ready_To_Receive_Input,BOOL,Read/Write
SV_11647,Solenoid,Read/Write
SV_11647_Force_Gap,BOOL,Read/Write
MSG_READ_Lidder_Frozen,MESSAGE,Read/Write
MSG_WRITE_Lidder_Frozen,MESSAGE,Read/Write
SV_11647_Interlock,BOOL,Read/Write
SV_11647_No_Gap_Present,BOOL,Read/Write
SV_11647_No_Gap_Up_Request,BOOL,Read/Write
M_11666_Accum_Full_Delay_Timer,TIMER,Read/Write
SV_11647_Open_Request,BOOL,Read/Write
M_11666_Fully_Accumulated,BOOL,Read/Write
SV_11648,Solenoid,Read/Write
SV_11648_Dest_FIFO,CONTROL,Read/Write
SV_11648_Dest_Store,INT,Read/Write
SV_11648_Extend_Output_Duration,TIMER,Read/Write
SV_11648_Retract_Output_Duration,TIMER,Read/Write
SV_11649,Solenoid,Read/Write
SV_11649_Dest_FIFO,CONTROL,Read/Write
SV_11649_Dest_Store,INT,Read/Write
SV_11651,Solenoid,Read/Write
SV_11651_Interlock,BOOL,Read/Write
AOI_Chilled_Lidder_Reject,AOI_Sensor_Switch_v01,Read/Write
SV_11654,Solenoid,Read/Write
SV_11661,Solenoid,Read/Write
SV_11661_Interlock,BOOL,Read/Write
SV_11661_No_Gap_Present,BOOL,Read/Write
SV_11663,Solenoid,Read/Write
SV_11663_Interlock,BOOL,Read/Write
A070_A135_B015,BOOL,Read/Write
SV_11663_Open_Duration_Timer,TIMER,Read/Write
SV_11665,Solenoid,Read/Write
Switch_01_2500_ModuleStatus,Module_CommunicationStatus,Read/Write
Switch_01_2500_ModuleStatus_Unhealthy,BOOL,Read/Write
Switch_02_5700_ModuleStatus,Module_CommunicationStatus,Read/Write
Switch_02_5700_ModuleStatus_Unhealthy,BOOL,Read/Write
Switch_03_5700_ModuleStatus,Module_CommunicationStatus,Read/Write
Switch_03_5700_ModuleStatus_Unhealthy,BOOL,Read/Write
UNIT,Unit,Read/Write
VSD_11643_FaultCodes,PF_525_FaultCodes,Read/Write
VSD_11643_ModuleStatus,Module_CommunicationStatus,Read/Write
VSD_11643_ModuleStatus_Unhealthy,BOOL,Read/Write
VSD_11643_MSG_ReadFaults_ParNos,INT,Read/Write
VSD_11643_MSG_ReadFaults_Results,INT,Read/Write
VSD_11644_FaultCodes,PF_525_FaultCodes,Read/Write
VSD_11644_ModuleStatus,Module_CommunicationStatus,Read/Write
VSD_11644_ModuleStatus_Unhealthy,BOOL,Read/Write
VSD_11644_MSG_ReadFaults_ParNos,INT,Read/Write
VSD_11644_MSG_ReadFaults_Results,INT,Read/Write
VSD_11645_FaultCodes,PF_525_FaultCodes,Read/Write
VSD_11645_ModuleStatus,Module_CommunicationStatus,Read/Write
VSD_11645_ModuleStatus_Unhealthy,BOOL,Read/Write
VSD_11645_MSG_ReadFaults_ParNos,INT,Read/Write
VSD_11645_MSG_ReadFaults_Results,INT,Read/Write
VSD_11646_FaultCodes,PF_525_FaultCodes,Read/Write
VSD_11646_ModuleStatus,Module_CommunicationStatus,Read/Write
VSD_11646_ModuleStatus_Unhealthy,BOOL,Read/Write
VSD_11646_MSG_ReadFaults_ParNos,INT,Read/Write
VSD_11646_MSG_ReadFaults_Results,INT,Read/Write
VSD_11647_FaultCodes,PF_525_FaultCodes,Read/Write
VSD_11647_ModuleStatus,Module_CommunicationStatus,Read/Write
VSD_11647_ModuleStatus_Unhealthy,BOOL,Read/Write
VSD_11647_MSG_ReadFaults_ParNos,INT,Read/Write
VSD_11647_MSG_ReadFaults_Results,INT,Read/Write
VSD_11648_FaultCodes,PF_525_FaultCodes,Read/Write
VSD_11648_ModuleStatus,Module_CommunicationStatus,Read/Write
VSD_11648_ModuleStatus_Unhealthy,BOOL,Read/Write
VSD_11648_MSG_ReadFaults_ParNos,INT,Read/Write
VSD_11648_MSG_ReadFaults_Results,INT,Read/Write
VSD_11649_FaultCodes,PF_525_FaultCodes,Read/Write
VSD_11649_ModuleStatus,Module_CommunicationStatus,Read/Write
VSD_11649_ModuleStatus_Unhealthy,BOOL,Read/Write
VSD_11649_MSG_ReadFaults_ParNos,INT,Read/Write
VSD_11649_MSG_ReadFaults_Results,INT,Read/Write
VSD_11650_FaultCodes,PF_525_FaultCodes,Read/Write
VSD_11650_ModuleStatus,Module_CommunicationStatus,Read/Write
VSD_11650_ModuleStatus_Unhealthy,BOOL,Read/Write
VSD_11650_MSG_ReadFaults_ParNos,INT,Read/Write
VSD_11650_MSG_ReadFaults_Results,INT,Read/Write
VSD_11651_FaultCodes,PF_525_FaultCodes,Read/Write
VSD_11651_ModuleStatus,Module_CommunicationStatus,Read/Write
VSD_11651_ModuleStatus_Unhealthy,BOOL,Read/Write
VSD_11651_MSG_ReadFaults_ParNos,INT,Read/Write
VSD_11651_MSG_ReadFaults_Results,INT,Read/Write
VSD_11652_FaultCodes,PF_525_FaultCodes,Read/Write
VSD_11652_ModuleStatus,Module_CommunicationStatus,Read/Write
VSD_11652_ModuleStatus_Unhealthy,BOOL,Read/Write
VSD_11652_MSG_ReadFaults_ParNos,INT,Read/Write
VSD_11652_MSG_ReadFaults_Results,INT,Read/Write
VSD_11653_FaultCodes,PF_525_FaultCodes,Read/Write
VSD_11653_ModuleStatus,Module_CommunicationStatus,Read/Write
VSD_11653_ModuleStatus_Unhealthy,BOOL,Read/Write
VSD_11653_MSG_ReadFaults_ParNos,INT,Read/Write
VSD_11653_MSG_ReadFaults_Results,INT,Read/Write
VSD_11654_FaultCodes,PF_525_FaultCodes,Read/Write
VSD_11654_ModuleStatus,Module_CommunicationStatus,Read/Write
VSD_11654_ModuleStatus_Unhealthy,BOOL,Read/Write
VSD_11654_MSG_ReadFaults_ParNos,INT,Read/Write
VSD_11654_MSG_ReadFaults_Results,INT,Read/Write
VSD_11655_FaultCodes,PF_525_FaultCodes,Read/Write
VSD_11655_ModuleStatus,Module_CommunicationStatus,Read/Write
VSD_11655_ModuleStatus_Unhealthy,BOOL,Read/Write
VSD_11655_MSG_ReadFaults_ParNos,INT,Read/Write
VSD_11655_MSG_ReadFaults_Results,INT,Read/Write
VSD_11656_FaultCodes,PF_525_FaultCodes,Read/Write
VSD_11656_ModuleStatus,Module_CommunicationStatus,Read/Write
VSD_11656_ModuleStatus_Unhealthy,BOOL,Read/Write
VSD_11656_MSG_ReadFaults_ParNos,INT,Read/Write
VSD_11656_MSG_ReadFaults_Results,INT,Read/Write
VSD_11657_FaultCodes,PF_525_FaultCodes,Read/Write
VSD_11657_ModuleStatus,Module_CommunicationStatus,Read/Write
VSD_11657_ModuleStatus_Unhealthy,BOOL,Read/Write
VSD_11657_MSG_ReadFaults_ParNos,INT,Read/Write
VSD_11657_MSG_ReadFaults_Results,INT,Read/Write
VSD_11658_FaultCodes,PF_525_FaultCodes,Read/Write
VSD_11658_ModuleStatus,Module_CommunicationStatus,Read/Write
VSD_11658_ModuleStatus_Unhealthy,BOOL,Read/Write
VSD_11658_MSG_ReadFaults_ParNos,INT,Read/Write
VSD_11658_MSG_ReadFaults_Results,INT,Read/Write
VSD_11659_FaultCodes,PF_525_FaultCodes,Read/Write
VSD_11659_ModuleStatus,Module_CommunicationStatus,Read/Write
VSD_11659_ModuleStatus_Unhealthy,BOOL,Read/Write
VSD_11659_MSG_ReadFaults_ParNos,INT,Read/Write
VSD_11659_MSG_ReadFaults_Results,INT,Read/Write
VSD_11660_FaultCodes,PF_525_FaultCodes,Read/Write
VSD_11660_ModuleStatus,Module_CommunicationStatus,Read/Write
VSD_11660_ModuleStatus_Unhealthy,BOOL,Read/Write
VSD_11660_MSG_ReadFaults_ParNos,INT,Read/Write
VSD_11660_MSG_ReadFaults_Results,INT,Read/Write
VSD_11661_FaultCodes,PF_525_FaultCodes,Read/Write
VSD_11661_ModuleStatus,Module_CommunicationStatus,Read/Write
VSD_11661_ModuleStatus_Unhealthy,BOOL,Read/Write
VSD_11661_MSG_ReadFaults_ParNos,INT,Read/Write
VSD_11661_MSG_ReadFaults_Results,INT,Read/Write
VSD_11662_FaultCodes,PF_525_FaultCodes,Read/Write
VSD_11662_ModuleStatus,Module_CommunicationStatus,Read/Write
VSD_11662_ModuleStatus_Unhealthy,BOOL,Read/Write
VSD_11662_MSG_ReadFaults_ParNos,INT,Read/Write
VSD_11662_MSG_ReadFaults_Results,INT,Read/Write
VSD_11663_FaultCodes,PF_525_FaultCodes,Read/Write
VSD_11663_ModuleStatus,Module_CommunicationStatus,Read/Write
VSD_11663_ModuleStatus_Unhealthy,BOOL,Read/Write
VSD_11663_MSG_ReadFaults_ParNos,INT,Read/Write
VSD_11663_MSG_ReadFaults_Results,INT,Read/Write
VSD_11664_FaultCodes,PF_525_FaultCodes,Read/Write
VSD_11664_ModuleStatus,Module_CommunicationStatus,Read/Write
VSD_11664_ModuleStatus_Unhealthy,BOOL,Read/Write
VSD_11664_MSG_ReadFaults_ParNos,INT,Read/Write
VSD_11664_MSG_ReadFaults_Results,INT,Read/Write
VSD_11665_FaultCodes,PF_525_FaultCodes,Read/Write
VSD_11665_ModuleStatus,Module_CommunicationStatus,Read/Write
VSD_11665_ModuleStatus_Unhealthy,BOOL,Read/Write
VSD_11665_MSG_ReadFaults_ParNos,INT,Read/Write
VSD_11665_MSG_ReadFaults_Results,INT,Read/Write
VSD_11666_FaultCodes,PF_525_FaultCodes,Read/Write
VSD_11666_ModuleStatus,Module_CommunicationStatus,Read/Write
VSD_11666_ModuleStatus_Unhealthy,BOOL,Read/Write
VSD_11666_MSG_ReadFaults_ParNos,INT,Read/Write
VSD_11666_MSG_ReadFaults_Results,INT,Read/Write
VSD_11671_FaultCodes,PF_525_FaultCodes,Read/Write
VSD_11671_ModuleStatus,Module_CommunicationStatus,Read/Write
VSD_11671_ModuleStatus_Unhealthy,BOOL,Read/Write
VSD_11671_MSG_ReadFaults_ParNos,INT,Read/Write
VSD_11671_MSG_ReadFaults_Results,INT,Read/Write
VSD_11672_FaultCodes,PF_525_FaultCodes,Read/Write
VSD_11672_ModuleStatus,Module_CommunicationStatus,Read/Write
VSD_11672_ModuleStatus_Unhealthy,BOOL,Read/Write
VSD_11672_MSG_ReadFaults_ParNos,INT,Read/Write
VSD_11672_MSG_ReadFaults_Results,INT,Read/Write
VSD_11673_FaultCodes,PF_525_FaultCodes,Read/Write
VSD_11673_ModuleStatus,Module_CommunicationStatus,Read/Write
VSD_11673_ModuleStatus_Unhealthy,BOOL,Read/Write
VSD_11673_MSG_ReadFaults_ParNos,INT,Read/Write
VSD_11673_MSG_ReadFaults_Results,INT,Read/Write
VSD_11674_FaultCodes,PF_525_FaultCodes,Read/Write
VSD_11674_ModuleStatus,Module_CommunicationStatus,Read/Write
VSD_11674_ModuleStatus_Unhealthy,BOOL,Read/Write
VSD_11674_MSG_ReadFaults_ParNos,INT,Read/Write
VSD_11674_MSG_ReadFaults_Results,INT,Read/Write
VSD_11675_FaultCodes,PF_525_FaultCodes,Read/Write
VSD_11675_ModuleStatus,Module_CommunicationStatus,Read/Write
VSD_11675_ModuleStatus_Unhealthy,BOOL,Read/Write
VSD_11675_MSG_ReadFaults_ParNos,INT,Read/Write
VSD_11675_MSG_ReadFaults_Results,INT,Read/Write
XRay_Reject_Timer,TIMER,Read/Write
X_Ray_Ready_Input,BOOL,Read/Write
X_Ray_Reject_Box_Input,BOOL,Read/Write
M_11673_RunOn_Duration_Timer,TIMER,Read/Write
Yes_Read_Str,STRING,Read/Write
MSG_READ_Deboning,MESSAGE,Read/Write
MSG_READ_SRT,MESSAGE,Read/Write
VSD_11643_MSG,MESSAGE,Read/Write
VSD_11644_MSG,MESSAGE,Read/Write
VSD_11645_MSG,MESSAGE,Read/Write
VSD_11646_MSG,MESSAGE,Read/Write
VSD_11647_MSG,MESSAGE,Read/Write
VSD_11648_MSG,MESSAGE,Read/Write
VSD_11649_MSG,MESSAGE,Read/Write
VSD_11650_MSG,MESSAGE,Read/Write
VSD_11651_MSG,MESSAGE,Read/Write
VSD_11652_MSG,MESSAGE,Read/Write
VSD_11653_MSG,MESSAGE,Read/Write
VSD_11654_MSG,MESSAGE,Read/Write
VSD_11655_MSG,MESSAGE,Read/Write
VSD_11656_MSG,MESSAGE,Read/Write
VSD_11657_MSG,MESSAGE,Read/Write
VSD_11658_MSG,MESSAGE,Read/Write
VSD_11659_MSG,MESSAGE,Read/Write
VSD_11660_MSG,MESSAGE,Read/Write
VSD_11661_MSG,MESSAGE,Read/Write
VSD_11662_MSG,MESSAGE,Read/Write
VSD_11663_MSG,MESSAGE,Read/Write
VSD_11664_MSG,MESSAGE,Read/Write
VSD_11665_MSG,MESSAGE,Read/Write
VSD_11666_MSG,MESSAGE,Read/Write
VSD_11671_MSG,MESSAGE,Read/Write
VSD_11672_MSG,MESSAGE,Read/Write
VSD_11673_MSG,MESSAGE,Read/Write
VSD_11674_MSG,MESSAGE,Read/Write
VSD_11675_MSG,MESSAGE,Read/Write
M_11673_BoxGap_Delay_Timer,TIMER,Read/Write
DS_Xray_1_Counter,COUNTER,Read/Write
DS_Xray_1_Counter_Reset,BOOL,Read/Write
AOI_PE_BCS_02,AOI_Sensor_Switch_v01,Read/Write
PE_BCS_02,Sensor_v01,Read/Write
Switch_01_2500_Fault_Feedback,BOOL,Read/Write
Switch_02_5700_Fault_Feedback,BOOL,Read/Write
PE_11658_1,Sensor_v01,Read/Write
AOI_PE_11658_1,AOI_Sensor_Switch_v01,Read/Write
PE_11657_1,Sensor_v01,Read/Write
AOI_PE_11657_1,AOI_Sensor_Switch_v01,Read/Write
PE_11657_2,Sensor_v01,Read/Write
AOI_PE_11657_2,AOI_Sensor_Switch_v01,Read/Write
AOI_PE_11662_1,AOI_Sensor_Switch_v01,Read/Write
PE_11662_1,Sensor_v01,Read/Write
Switch_03_5700_Fault_Feedback,BOOL,Read/Write
PE_139_Auto_Reset_Delay_Timer,TIMER,Read/Write
PE_145_Auto_Reset_Delay_Timer,TIMER,Read/Write
PE_11644_Auto_Reset_Delay_Timer,TIMER,Read/Write
PE_11646_Auto_Reset_Delay_Timer,TIMER,Read/Write
PE_Auto_Reset_Delay_SP,DINT,Read/Write
PE_11647_Auto_Reset_Delay_Timer,TIMER,Read/Write
PE_11648_Auto_Reset_Delay_Timer,TIMER,Read/Write
PE_11649_Auto_Reset_Delay_Timer,TIMER,Read/Write
PE_11651_1_Auto_Reset_Delay_Timer,TIMER,Read/Write
PE_11651_2_Auto_Reset_Delay_Timer,TIMER,Read/Write
PE_11652_Auto_Reset_Delay_Timer,TIMER,Read/Write
PE_11653_1_Auto_Reset_Delay_Timer,TIMER,Read/Write
PE_11653_2_Auto_Reset_Delay_Timer,TIMER,Read/Write
PE_11654_Auto_Reset_Delay_Timer,TIMER,Read/Write
PE_11655_Auto_Reset_Delay_Timer,TIMER,Read/Write
PE_11656_Auto_Reset_Delay_Timer,TIMER,Read/Write
PE_11657_1_Auto_Reset_Delay_Timer,TIMER,Read/Write
PE_11657_2_Auto_Reset_Delay_Timer,TIMER,Read/Write
PE_11658_1_Auto_Reset_Delay_Timer,TIMER,Read/Write
PE_11658_2_Auto_Reset_Delay_Timer,TIMER,Read/Write
PE_11659_Auto_Reset_Delay_Timer,TIMER,Read/Write
PE_11660_Auto_Reset_Delay_Timer,TIMER,Read/Write
PE_11662_1_Auto_Reset_Delay_Timer,TIMER,Read/Write
PE_11662_2_Auto_Reset_Delay_Timer,TIMER,Read/Write
PE_11664_1_Auto_Reset_Delay_Timer,TIMER,Read/Write
PE_11664_2_Auto_Reset_Delay_Timer,TIMER,Read/Write
PE_11665_1_Auto_Reset_Delay_Timer,TIMER,Read/Write
PE_11665_2_Auto_Reset_Delay_Timer,TIMER,Read/Write
PE_11666_1_Auto_Reset_Delay_Timer,TIMER,Read/Write
PE_11666_2_Auto_Reset_Delay_Timer,TIMER,Read/Write
PE_11671_Auto_Reset_Delay_Timer,TIMER,Read/Write
PE_11672_Auto_Reset_Delay_Timer,TIMER,Read/Write
PE_11673_Auto_Reset_Delay_Timer,TIMER,Read/Write
PE_11674_Auto_Reset_Delay_Timer,TIMER,Read/Write
PE_11675_Auto_Reset_Delay_Timer,TIMER,Read/Write
PE_BCS_01_Auto_Reset_Delay_Timer,TIMER,Read/Write
PE_BCS_02_Auto_Reset_Delay_Timer,TIMER,Read/Write
Start_Group_05_Run,BOOL,Read/Write
Start_Group_05_Reset,BOOL,Read/Write
Start_Group_05_EStop_Reset,BOOL,Read/Write
A070_A132_B001,BOOL,Read/Write
Process_Stop_Duration_Timer,TIMER,Read/Write
Process_Stop_Request,BOOL,Read/Write
Process_Start_Duration_Timer,TIMER,Read/Write
Process_Start_Request,BOOL,Read/Write
Local_EStops_Healthy,BOOL,Read/Write
RIO_01:I,AB:1734_3SLOT:I:0,Read/Write
RIO_01:O,AB:1734_3SLOT:O:0,Read/Write
RIO_01:1:I,AB:1734_IB8S_Safety2:I:0,Read/Write
RIO_01:2:I,AB:1734_OB8S_Safety1:I:0,Read/Write
RIO_01:2:O,AB:1734_OB8S:O:0,Read/Write
ES_Boning_PLC_Channel_1_Raw_Input,BOOL,Read/Write
ES_Boning_PLC_Channel_2_Raw_Input,BOOL,Read/Write
ES_Boning_PLC_Channel_Fault_Delay_Timer,TIMER,Read/Write
ES_Boning_PLC_Channel_Fault_Alarm,BOOL,Read/Write
ES_Boning_PLC_Satisfied,BOOL,Read/Write
ES_Boning_PLC_Active,BOOL,Read/Write
ES_Boning_PLC_Input_Status,BOOL,Read/Write
MSG_Lidder_Chilled,MessageStructure,Read/Write
MSG_READ_Lidder_Chilled,MESSAGE,Read/Write
MSG_WRITE_Lidder_Chilled,MESSAGE,Read/Write
Process_Run_Interlock,BOOL,Read/Write
Chilled_Lidder_Reject,Sensor_v01,Read/Write
Frozen_Lidder_Reject_Input,BOOL,Read/Write
M_11660_No_Gap_Present,BOOL,Read/Write
SV_11663_Open_Request,BOOL,Read/Write
M_11660_Run_Request,BOOL,Read/Write
A070_A135_B024,BOOL,Read/Write
PB_Crate_19554_to_Downstairs,BOOL,Read/Write
PB_Crate_19554_to_Tunnel,BOOL,Read/Write
Crate_19554_Selection,BOOL,Read/Write
PB_Crate_19556_to_Tunnel,BOOL,Read/Write
PB_Crate_19556_to_Downstairs,BOOL,Read/Write
Crate_19556_Selection,BOOL,Read/Write
PB_Crate_19582_to_Downstairs,BOOL,Read/Write
PB_Crate_19582_to_Tunnel,BOOL,Read/Write
Crate_19582_Selection,BOOL,Read/Write
PB_Crate_19561_to_Downstairs,BOOL,Read/Write
PB_Crate_19561_to_Tunnel,BOOL,Read/Write
Crate_19561_Selection,BOOL,Read/Write
PB_Crate_19598_to_Downstairs,BOOL,Read/Write
PB_Crate_19598_to_Tunnel,BOOL,Read/Write
Crate_19598_Selection,BOOL,Read/Write
PB_Crate_19551_to_Downstairs,BOOL,Read/Write
PB_Crate_19551_to_Tunnel,BOOL,Read/Write
Crate_19551_Selection,BOOL,Read/Write
Crate_19558_Selection,BOOL,Read/Write
PB_Crate_19558_to_Downstairs,BOOL,Read/Write
PB_Crate_19558_to_Tunnel,BOOL,Read/Write
Crate_19550_Selection,BOOL,Read/Write
PB_Crate_19550_to_Downstairs,BOOL,Read/Write
PB_Crate_19550_to_Tunnel,BOOL,Read/Write
PB_Crate_70036_to_Downstairs,BOOL,Read/Write
Crate_70036_Selection,BOOL,Read/Write
PB_Crate_70036_to_Tunnel,BOOL,Read/Write
PB_Crate_19597_to_Downstairs,BOOL,Read/Write
Crate_19597_Selection,BOOL,Read/Write
PB_Crate_19597_to_Tunnel,BOOL,Read/Write
Crate_19554_GTIN20,STRING20,Read/Write
BCS_01_Selectable_Tunnel_Found,BOOL,Read/Write
BCS_01_Selectable_Bypass_Found,BOOL,Read/Write
Crate_19556_GTIN20,STRING20,Read/Write
Crate_19582_GTIN20,STRING20,Read/Write
Crate_19561_GTIN20,STRING20,Read/Write
Crate_19598_GTIN20,STRING20,Read/Write
Crate_19551_GTIN20,STRING20,Read/Write
Crate_19558_GTIN20,STRING20,Read/Write
Crate_19550_GTIN20,STRING20,Read/Write
Crate_70036_GTIN20,STRING20,Read/Write
Crate_19597_GTIN20,STRING20,Read/Write
BCS_02_Selectable_Bypass_Found,BOOL,Read/Write
BCS_02_Selectable_Tunnel_Found,BOOL,Read/Write
A070_A135_Y005,BOOL,Read/Write
A070_A135_Y006,BOOL,Read/Write
M_11646_Run_Input_Delay_On_Timer,TIMER,Read/Write
M_11646_Run_Input_Delay_On,BOOL,Read/Write
M_11643_BoxGap_Delay_Timer,TIMER,Read/Write
SV_11647_Open_Delay_Timer,TIMER,Read/Write
M_11643_Intermittent_Gap_Timer,TIMER,Read/Write
M_11643_Box_Gap_Stop_Request,BOOL,Read/Write
M_11647_Running_Input_Delay_Timer,TIMER,Read/Write
M_11647_Running_Input_Delay_On,BOOL,Read/Write
BCS_01_Not_Found_Store,STRING,Read/Write
BCS_01_Not_Found_FIFO,CONTROL,Read/Write
M_11650_Purge_Sequence,BOOL,Read/Write
M_11650_Purge_Counter,COUNTER,Read/Write
M_11660_Infeed_Transfer_Active,BOOL,Read/Write
M_11660_Infeed_Transfer_Duration_Timer,TIMER,Read/Write
M_11651_Running_Input_Delay_Timer,TIMER,Read/Write
M_11651_Running_Input_Delay,BOOL,Read/Write
M_11654_Force_On_Duration_Timer,TIMER,Read/Write
M_11654_Force_On_Duration_Active,BOOL,Read/Write
BCS_01_Selectable_Tunnel_Hold_On,BOOL,Read/Write
BCS_01_Selectable_Bypass_Hold_On,BOOL,Read/Write
BCS_Purge_Mode_Active,BOOL,Read/Write
SV_11648_Cyclic_Extend_Pulse_Timer,TIMER,Read/Write
AT_01_Siren_Trigger,BOOL,Read/Write
AT_01_Siren_Duration_Timer,TIMER,Read/Write
Temp_PS_M169,BOOL,Read/Write
BCS_01_Scans_Current_Day,DINT,Read/Write
BCS_01_Scans_Last_Hour,INT,Read/Write
BCS_01_Scans_Per_Minute_Redacted,INT,Read/Write
BCS_01_Scans_Per_Minute_FIFO,CONTROL,Read/Write
BCS_01_Scans_Per_Hour_Redacted,INT,Read/Write
BCS_01_Scans_Per_Hour_FIFO,CONTROL,Read/Write
BCS_01_Scans_Per_Hour,INT,Read/Write
BCS_01_Scans_Per_Minute,INT,Read/Write
Y005_Pushes_Current_Minute,INT,Read/Write
Y005_Pushes_Current_Hour,DINT,Read/Write
Y005_Pushes_Current_Day,DINT,Read/Write
BCS_01_Scans_Per_Day,INT,Read/Write
BCS_01_Scans_Per_Day_FIFO,CONTROL,Read/Write
Y005_Pushes_Per_Minute,INT,Read/Write
Y005_Pushes_Per_Minute_FIFO,CONTROL,Read/Write
Y005_Pushes_Per_Hour,INT,Read/Write
Y005_Pushes_Per_Hour_FIFO,CONTROL,Read/Write
Y005_Pushes_Per_Day,INT,Read/Write
Y005_Pushes_Per_Day_FIFO,CONTROL,Read/Write
M_11649_Base_Loaded,BOOL,Read/Write
M_11649_Run_On,BOOL,Read/Write
Operator_Stops_Current_Minute_Redacted,DINT,Read/Write
Operator_Stops_Current_Minute,INT,Read/Write
Operator_Stops_Current_Hour,INT,Read/Write
Operator_Stops_Current_Day,INT,Read/Write
Operator_Stops_Per_Minute,INT,Read/Write
Operator_Stops_Per_Minute_FIFO,CONTROL,Read/Write
Operator_Stops_Per_Hour,INT,Read/Write
Operator_Stops_Per_Hour_FIFO,CONTROL,Read/Write
Operator_Stops_Per_Day,INT,Read/Write
Operator_Stops_Per_Day_FIFO,CONTROL,Read/Write
A070_A132_B003,BOOL,Read/Write
Logging_ONS,DINT,Read/Write
X_Ray_Count_Current_Minute,DINT,Read/Write
X_Ray_Count_Current_Hour,DINT,Read/Write
X_Ray_Count_Current_Day,DINT,Read/Write
X_Ray_Count_Per_Minute_FIFO,CONTROL,Read/Write
X_Ray_Count_Per_Minute,INT,Read/Write
X_Ray_Count_Per_Hour_FIFO,CONTROL,Read/Write
X_Ray_Count_Per_Hour,INT,Read/Write
X_Ray_Count_Per_Day,INT,Read/Write
X_Ray_Count_Per_Day_FIFO,CONTROL,Read/Write
Outfeed_Stopped_Current_Minute_Redacted,DINT,Read/Write
Outfeed_Stopped_Current_Minute,INT,Read/Write
Outfeed_Stopped_Per_Minute,INT,Read/Write
Outfeed_Stopped_Per_Minute_FIFO,CONTROL,Read/Write
Outfeed_Stopped_Current_Hour,INT,Read/Write
Outfeed_Stopped_Per_Hour,INT,Read/Write
Outfeed_Stopped_Per_Hour_FIFO,CONTROL,Read/Write
Outfeed_Stopped_Current_Day_Redacted,INT,Read/Write
Outfeed_Stopped_Current_Day,DINT,Read/Write
Outfeed_Stopped_Per_Day,DINT,Read/Write
Outfeed_Stopped_Per_Day_FIFO,CONTROL,Read/Write
Op_Downtime_Timer,TIMER,Read/Write
Op_Downtime_Current_Minute,INT,Read/Write
Op_Downtime_Per_Minute,INT,Read/Write
Op_Downtime_Per_Minute_FIFO,CONTROL,Read/Write
Op_Downtime_Current_Hour,INT,Read/Write
Op_Downtime_Per_Hour,INT,Read/Write
Op_Downtime_Per_Hour_FIFO,CONTROL,Read/Write
Op_Downtime_Current_Day,DINT,Read/Write
Op_Downtime_Per_Day,INT,Read/Write
Op_Downtime_Per_Day_FIFO,CONTROL,Read/Write
Lidder_Downtime_Timer,TIMER,Read/Write
Lidder_Downtime_Current_Minute,DINT,Read/Write
Lidder_Downtime_Per_Minute_Redacted,INT,Read/Write
Lidder_Downtime_Per_Minute_FIFO,CONTROL,Read/Write
Lidder_Downtime_Per_Minute,INT,Read/Write
Lidder_Downtime_Current_Hour_Redacted,DINT,Read/Write
Lidder_Downtime_Current_Hour,INT,Read/Write
Lidder_Downtime_Per_Hour,INT,Read/Write
Lidder_Downtime_Per_Hour_FIFO,CONTROL,Read/Write
Lidder_Downtime_Current_Day,DINT,Read/Write
Lidder_Downtime_Per_Day,DINT,Read/Write
Lidder_Downtime_Per_Day_FIFO,CONTROL,Read/Write
Scanner_Purge_PB,BOOL,Read/Write
Scanner_Purge_Request,BOOL,Read/Write
M_11647_Infeed_Run_Permissive,BOOL,Read/Write
Tunnel_Infeed_Downtime_Timer,TIMER,Read/Write
Tunnel_Infeed_Downtime_Current_Minute,INT,Read/Write
Tunnel_Infeed_Downtime_Per_Minute,INT,Read/Write
Tunnel_Infeed_Downtime_Per_Minute_FIFO,CONTROL,Read/Write
Tunnel_Infeed_Downtime_Current_Hour,INT,Read/Write
Tunnel_Infeed_Downtime_Per_Hour,INT,Read/Write
Tunnel_Infeed_Downtime_Per_Hour_FIFO,CONTROL,Read/Write
Tunnel_Infeed_Downtime_Current_Day,DINT,Read/Write
Tunnel_Infeed_Downtime_Per_Day,DINT,Read/Write
Tunnel_Infeed_Downtime_Per_Day_FIFO,CONTROL,Read/Write
Tunnel_Infeed_Count_Current_Minute,DINT,Read/Write
Tunnel_Infeed_Count_Current_Hour,DINT,Read/Write
Tunnel_Infeed_Count_Current_Day,DINT,Read/Write
Tunnel_Infeed_Count_Per_Minute,DINT,Read/Write
Tunnel_Infeed_Count_Per_Minute_FIFO,CONTROL,Read/Write
Tunnel_Infeed_Count_Per_Hour,DINT,Read/Write
Tunnel_Infeed_Count_Per_Hour_FIFO,CONTROL,Read/Write
Tunnel_Infeed_Count_Per_Day,DINT,Read/Write
Tunnel_Infeed_Count_Per_Day_FIFO,CONTROL,Read/Write
M_11659_Run_Delay_Off_Timer,TIMER,Read/Write
M_11659_Run_Delay_Off,BOOL,Read/Write
PE_11649_Empty_Delay_Timer,TIMER,Read/Write
Scanner_Purge_ONS,BOOL,Read/Write
SV_11648_Complete_Transfer,BOOL,Read/Write
SV_11649_Complete_Transfer,BOOL,Read/Write
Strapper_01_Hold_PB,BOOL,Read/Write
Strapper_01_Hold_Active,BOOL,Read/Write
Strapper_01_Bypass_PB,BOOL,Read/Write
M_11643_Hold_Timer,TIMER,Read/Write
M_11643_Hold_Stop_Request,BOOL,Read/Write
Strapper_02_Hold_Mode,BOOL,Read/Write
GTIN_Empty,STRING20,Read/Write
Strapper_02_Hold_Active,BOOL,Read/Write
Strapper_02_Hold_PB,BOOL,Read/Write
Strapper_02_Bypass_PB,BOOL,Read/Write
